Titles,Links,Contents
楽天 則本ら6選手がコロナ陽性,https://news.yahoo.co.jp/pickup/6422613,"　楽天は１日、川島慶三内野手、則本昂大投手、アラン・ブセニッツ投手、小深田大翔内野手、安田悠馬捕手、小峯新陸投手の新型コロナウイルス感染症陽性判定が確定したことを発表した。

【写真】新型コロナ陽性判定のブセニッツ

　則本は１日のソフトバンク戦（楽天生命）に先発予定だったが、代替え投手が先発することになる。

　２軍選手との大幅入れ替えも準備し、総力戦で臨むことになりそうだ。"
野田少子化担当相が感染 閣僚初,https://news.yahoo.co.jp/pickup/6422614,"野田少子化担当大臣がPCR検査の結果、新型コロナウイルスに感染したことが分かりました。

【図解】新型コロナ「5類相当に」見直しは？　入院勧告ナシで医療現場“負担軽減”も　デメリットは“受診控え”と感染拡大

関係者によりますと野田大臣は1日朝、微熱があり、PCR検査を行ったところ、新型コロナウイルスの陽性が確認されました。

野田大臣は1日朝の閣議を欠席するなど1日の公務を全てとりやめています。

閣僚が新型コロナウイルスに感染する初めてのケースとなります。"
純烈・小田井涼平 年内で脱退へ,https://news.yahoo.co.jp/pickup/6422612,"人気グループ・純烈のメンバー、小田井涼平さんが、2022年いっぱいでグループを脱退することを、ファンクラブサイトで報告しました。小田井さんをはじめ、純烈のメンバーがコメントを発表しています。

【小田井涼平さん　コメント】

この度、私小田井涼平は 2022 年 12 月末日を以って純烈のメンバーとしての活動を終了することになりました。
急な発表になってしまいましたが、実は純烈が最初に紅白出場を果たした 2018 年、自分が 50 歳になるタイミングでグループ活動を終了したい旨を事務所に伝え、その方向で話を進めていたのですが、メンバーの脱退やコロナ禍での公演の延期等を受けて、この度の発表に至りました。
考えに考えた上での決断なので後悔はないのですが、純烈は自分にとって家族の様に居心地の良い場所なので、活動終了までの数ヶ月をメンバーとファンの皆様と悔いの残らないよう楽しみ切りたいと思ってます。
ファンの皆様には結成から今日まで、熱い応援を頂き本当にありがとうございました。
皆様のおかげでグループの念願だった NHK 紅白歌合戦に4年連続で出場することができましたし、結成前からの夢だった座長公演を務めることもできました。もちろんそれ以外にも 1 人ではできなかった様々な経験をさせて頂いたことに心から感謝致します。
皆様とふれあいながら、その中で頂いた声援や笑顔がいつも力強く背中を押し続けてくれました。いろんな事があったこれまでの道のりでしたが、経験したすべての事を来年以降の自分の活動に活かして頑張りたいと思っています。
活動終了後は、普通のおじさんに戻らず、自身の目標を追いかけて芸能活動により一層励みたいと思っておりますし、現在所属している(株)ジースター・プロとの契約もそのまま継続しますので、変わらぬ御愛顧の程よろしくお願い致します。
関係各位、スタッフの皆様、共演者の皆様、これまで、沢山のご尽力を頂き本当にありがとうございました。純烈はこれからまだまだ飛躍するグループです。今後も新たな挑戦でファンの皆様を存分に楽しませてくれるグループだと信じていますので、今後も引き続き応援の程よろしくお願い致します。

2022 年 4 月 吉日
純烈 小田井涼平

【純烈メンバーコメント】

いつかはこの日が来るだろうと思っていましたが、やはり現実にこの日が来る事は本当に寂しいです。
嘘だと言ってほしいしドッキリであってほしいと思う。
楽しい事もそうじゃない事も数えたらきりがないほど思い出がたくさんありますが「考えに考えた決断で後悔はない」全力でやり切った言葉だと思うし自分達も本人の意思を尊重したいと思います。これからの小田井さんの更なる飛躍を期待しています。
あ、もし万が一にも気が変わるような時が来たらまたこの場所に戻って来てくださいね。

純烈 白川裕二郎


歳の差が 16 歳もあるにも関わらず気さくに優しく接してくれた事への感謝は尽きません。想いを言葉にしようとしたらやはり寂しさが湧き上がってしまいます。
小田井さん。「お疲れ様でした」は来年になってからですね。小田井さんの歌もダンスもトークも、同じステージ上という特等席から楽しみます！
長年苦楽を共にした仲間の決断。精一杯の花向けが出来る様に 2022 年を突っ走りたいと思っております。

純烈 後上翔太


小田井さんが純烈になってくれた興奮から早いもので 15 年も経過していたんだね。
小田井さん、純烈になって良かったですか？
俺と仕事をするのは大変だったでしょう。耐えてもらうことばかりでしたね。申し訳ない。
でっかい身体を張った全力プレー、精魂尽きたところからの馬鹿力が小田井さん最大の魅力で、一緒にステージをしながら毎回感動の連続でした。あなたの献身的な頑張りのお陰で何者でもなかった集団が愛される純烈になったんですよ。
でもまだ終わったわけじゃない。最後の最後まで耐えてもらいますよ。来年になれば、ただの友達に戻れる。正直なところ、寂しいよりも嬉しいのよ。

純烈 酒井一圭

【担当：芸能情報ステーション】"
政府 ICBM発射受け北に追加制裁,https://news.yahoo.co.jp/pickup/6422610,"　政府は1日の閣議で、北朝鮮に対する追加制裁の実施を了解した。

　3月24日の大陸間弾道ミサイル（ICBM）発射を踏まえた措置で、核・ミサイル開発に関与したと認定した4団体9個人を、新たに資産凍結の対象に指定した。

【図解】24日の北朝鮮ミサイル発射

　4団体はいずれもロシアに所在し、9個人は北朝鮮国籍6人とロシア国籍3人。これにより、制裁対象は129団体120人に増えた。

　松野博一官房長官は記者会見で、北朝鮮について「核・ミサイル活動を活発化させており、拉致問題も解決に向けた具体的な動きが示されていない」と批判。これまでの制裁について「北朝鮮の厳しい経済状況を併せて考えた場合、一定の効果を挙げている」との認識を示した。　"
なぜ4/1は早生まれ 当事者の損得,https://news.yahoo.co.jp/pickup/6422609,"学校や企業で用いられる1年の区切りである「年度」。日本で年度といえば一般的に4月1日から3月31日までを指し、入学式や入社式も4月1日におこなわれることが多いですよね。

【表】4月1日生まれの有名人

記者が疑問に思っていたこと、それは「4月1日生まれの人、学年どうなるの?」。3月31日が年度の最終日だから、4月1日生まれの子は4月2日以降に生まれた子たちと同じ学年なんでしょうか。例えば、2016年4月1日生まれの子は、2015年4月～2016年3月31日生まれの学年、2016年4月2日～2017年3月31日生まれの学年、どっち。選べるなんて噂も聞いたことがありますが。

文部科学省のサイトには「学校教育法第17条第1項では『保護者は、子の満6歳に達した日の翌日以後における最初の学年の初めから、…これを小学校、義務教育学校の前期課程又は特別支援学校の小学部に就学させる義務を負う。』とあり」と記載されています。

うーん、難しい。まず満年齢はどう数えるのでしょう。「最初の学年の初めから」とは。京都市内に事務所を構える「あさひ法律事務所」の代表弁護士・石井一旭さんに解説していただきました。

■満年齢の数え方を弁護士に聞いた

ーーまず、満年齢とはどんな計算方法なんでしょう?

 「法律で人の年齢をどのように計算するかについては、「年齢計算ニ関スル法律」（正式名称は「明治三十五年法律第五十号」）に定められています。古い法律なので意訳しますが、1条は「年齢は出生日から起算する」と定めています。2条は「年齢の計算方法は民法143条の考え方で行う」としています」

 「そこで民法143条を見ると、2項で、『週、月又は年の初めから期間を起算しないときは、その期間は、最後の週、月又は年においてその起算日に応当する日の前日に満了する。』と定められています（但書は省略）」

 ーーこの場合の応当する日とは毎年迎える誕生日のことですね。

 「その通りです。『年齢～歳』とは、言い換えると『その人の出生日から～年後の出生応当日（誕生日）までの期間が経過すること』ということになります。出生日が起算日なので、『週、月又は年の初めから期間を起算しない』場合にあたります。そこでその期間は、民法143条2項で『その起算日（「出生日」）に応当する日（年が異なる同じ日付の日）の前日に満了』します」

ーー4月1日生まれの人は3月31日に満了するということですか？

 「はい。文科省のページに則して具体的に説明しますと、2022年4月1日に6歳の誕生日を迎える、とは、出生日である2016年4月1日から6年経過する、という意味です。『6年間』という期間は、その起算日（このケースだと出生日の2016年4月1日）に応当する日である2022年4月1日の前日である2022年3月31日の経過をもって満了することになります。

これが文科省HPで『人は誕生日の前日が終了する時（午後12時）に年を一つとる（満年齢に達する）、とされています。』ということの意味です」

「そしてこの考え方を、学校教育法第17条第1項の『保護者は、子の満6歳に達した日の翌日以後における最初の学年の初め（4月1日・学校教育法施行規則59条）から、…これを小学校、義務教育学校の前期課程又は特別支援学校の小学部に就学させる義務を負う。』にあてはめますと、2016年4月1日生まれの子は法律上満6歳に達する日が2022年3月31日なので、その翌日である『2022年4月1日以後における最初の学年の初め』から就学することになります。

『以後』という言葉はその当日を含みますので、2022年4月1日を初めとする学年からの就学義務を負うことになります」

ーー翌日（この場合4月1日）以降における最初の学年の初めも4月1日だから、3月31日までの子たちと同じということか。では、4月2日生まれの子は？

「2016年4月2日生まれの子の場合、法律上満6歳に達する日が『2022年4月1日』なので、その翌日である『2022年4月2日以後における最初の学年の初め』、つまり2023年4月1日を初めとする学年からの就学になります。なので4月2日生まれの子は、次の学年まで待たなければならないのです」 

ーーありがとうございました！

なるほど。満年齢の数え方、前日の午後12時に満了するというのがネックですね。

ちなみに、4月1日生まれの著名人は、元プロ野球選手で読売ジャイアンツ1軍投手チーフコーチの桑田真澄さん、作家・林真理子さん、Hey! Say! JUMPの元メンバーで俳優の岡本圭人さんなど。

4月1日生まれの人はみんなこの決まりを知っているか気になります。まいどなニュースの編集部にも4月1日生まれの記者がいるので、話を聞きました。

■4月1日生まれの人に聞いた

ーー学年はどちらでしたか？

「3月31日までに生まれた人たちと同じ学年でした」

ーーやはり！親御さんはそう決まっているのを知っていましたか？

「はい、知っていました。生まれたのが学年で1番遅いということになるので『体が小さくて不利かも』と考える親御さんもいるようです。私の両親の場合は、ともに身長が高く『他の子と1年違っても体格差はそこまでないと思って』とポジティブでしたね。その通り、私は早生まれでも背は高い方でした。でも同じ誕生日で体が小さい同級生もいたので、個人差がありますね」

ーーそこは早生まれの人に限ったものでないですしね。4月1日生まれで得したこと、または損したことはありますか。

「得したことは、誕生日を覚えてもらいやすい。あと、年を重ねるのが学年で1番最後なので同級生と集まった時、常に1歳若かったとかですかね。損したことはない気がしますが、しいて言うならエイプリルフールなので『今日、誕生日なんだ』と言っても信じてもらえません。子どもの頃、体が小さくて苦労した、悔しい思いをしたということは私はなかったです」

　　　◇　　　◇

とはいえ、体の大きさなど発育面で心配になる親心ももちろんあるはず。親御さんが抱えるそんな心配を踏まえてか、都内の私立小学校では同じ1年生でも月齢順にクラス分けしているところもあるそうです。

そして「学年を選べる」という噂はあくまで噂で、選ぶことはできませんでした。学生だった頃、学年に4月1日生まれの人はいましたか? 

（まいどなニュース・門倉 早希）"
トヨタ 新型GRカローラを初公開,https://news.yahoo.co.jp/pickup/6422606,"　TOYOTA GAZOO Racing（以下、TGR）は、アメリカカリフォルニア州ロングビーチにて、新型「GRカローラ」を世界初披露しました。
　
　GRとしては、「GRスープラ」、「GRヤリス」、「GR86」に続くモデルとなりますが、どのような特徴があるのでしょうか。

【画像】マジでカッコイイ！ 新型「GRカローラ」世界初公開！ イケ顔なカローラを写真で見る！（36枚）"
国民・都民ファ 参院選で協力合意,https://news.yahoo.co.jp/pickup/6422605,"　国民民主党の玉木雄一郎代表と地域政党「都民ファーストの会」の荒木千陽代表は1日、共同で記者会見し、夏の参院選で相互推薦による選挙協力を行うと発表した。

【図解】政党支持率の推移

　両党は合流も視野に協議していたが、参院選前は見送った。

　荒木氏は参院選候補。都民ファが国政進出に向けて設立した「ファーストの会」から東京選挙区で出馬する。国民が荒木氏を推薦し、都民ファ側は、国民が比例代表に擁立する連合の組織内候補4人を推薦する予定だ。　"
1週間に震度4以上5回 備え確認を,https://news.yahoo.co.jp/pickup/6422603,ここ1週間(2022年3月25日10時00分～2022年4月1日10時00分)の地震回数は、震度4以上の地震が1週間で5回で、そのうち2回は、きのう3月31日に千葉県北西部(M4.7)、京都府南部(M4.3)で発生しました。
純烈・小田井 年内でグループ脱退,https://news.yahoo.co.jp/pickup/6422604,"人気グループ・純烈のメンバー、小田井涼平さんが、2022年いっぱいでグループを脱退することを、ファンクラブサイトで報告しました。小田井さんをはじめ、純烈のメンバーがコメントを発表しています。

【小田井涼平さん　コメント】

この度、私小田井涼平は 2022 年 12 月末日を以って純烈のメンバーとしての活動を終了することになりました。
急な発表になってしまいましたが、実は純烈が最初に紅白出場を果たした 2018 年、自分が 50 歳になるタイミングでグループ活動を終了したい旨を事務所に伝え、その方向で話を進めていたのですが、メンバーの脱退やコロナ禍での公演の延期等を受けて、この度の発表に至りました。
考えに考えた上での決断なので後悔はないのですが、純烈は自分にとって家族の様に居心地の良い場所なので、活動終了までの数ヶ月をメンバーとファンの皆様と悔いの残らないよう楽しみ切りたいと思ってます。
ファンの皆様には結成から今日まで、熱い応援を頂き本当にありがとうございました。
皆様のおかげでグループの念願だった NHK 紅白歌合戦に4年連続で出場することができましたし、結成前からの夢だった座長公演を務めることもできました。もちろんそれ以外にも 1 人ではできなかった様々な経験をさせて頂いたことに心から感謝致します。
皆様とふれあいながら、その中で頂いた声援や笑顔がいつも力強く背中を押し続けてくれました。いろんな事があったこれまでの道のりでしたが、経験したすべての事を来年以降の自分の活動に活かして頑張りたいと思っています。
活動終了後は、普通のおじさんに戻らず、自身の目標を追いかけて芸能活動により一層励みたいと思っておりますし、現在所属している(株)ジースター・プロとの契約もそのまま継続しますので、変わらぬ御愛顧の程よろしくお願い致します。
関係各位、スタッフの皆様、共演者の皆様、これまで、沢山のご尽力を頂き本当にありがとうございました。純烈はこれからまだまだ飛躍するグループです。今後も新たな挑戦でファンの皆様を存分に楽しませてくれるグループだと信じていますので、今後も引き続き応援の程よろしくお願い致します。

2022 年 4 月 吉日
純烈 小田井涼平

【純烈メンバーコメント】

いつかはこの日が来るだろうと思っていましたが、やはり現実にこの日が来る事は本当に寂しいです。
嘘だと言ってほしいしドッキリであってほしいと思う。
楽しい事もそうじゃない事も数えたらきりがないほど思い出がたくさんありますが「考えに考えた決断で後悔はない」全力でやり切った言葉だと思うし自分達も本人の意思を尊重したいと思います。これからの小田井さんの更なる飛躍を期待しています。
あ、もし万が一にも気が変わるような時が来たらまたこの場所に戻って来てくださいね。

純烈 白川裕二郎


歳の差が 16 歳もあるにも関わらず気さくに優しく接してくれた事への感謝は尽きません。想いを言葉にしようとしたらやはり寂しさが湧き上がってしまいます。
小田井さん。「お疲れ様でした」は来年になってからですね。小田井さんの歌もダンスもトークも、同じステージ上という特等席から楽しみます！
長年苦楽を共にした仲間の決断。精一杯の花向けが出来る様に 2022 年を突っ走りたいと思っております。

純烈 後上翔太


小田井さんが純烈になってくれた興奮から早いもので 15 年も経過していたんだね。
小田井さん、純烈になって良かったですか？
俺と仕事をするのは大変だったでしょう。耐えてもらうことばかりでしたね。申し訳ない。
でっかい身体を張った全力プレー、精魂尽きたところからの馬鹿力が小田井さん最大の魅力で、一緒にステージをしながら毎回感動の連続でした。あなたの献身的な頑張りのお陰で何者でもなかった集団が愛される純烈になったんですよ。
でもまだ終わったわけじゃない。最後の最後まで耐えてもらいますよ。来年になれば、ただの友達に戻れる。正直なところ、寂しいよりも嬉しいのよ。

純烈 酒井一圭

【担当：芸能情報ステーション】"
ゴキブリ 1匹いたら100匹いる?,https://news.yahoo.co.jp/pickup/6422601,"■まずはここから…「仙台読本」

　「ゴキブリがいない街・仙台」。地元出身の人気お笑いコンビ、サンドウィッチマンが３月にあった「仙台観光アンバサダー（大使）」就任記者会見で仙台の魅力の一つをこう紹介し、笑いを誘いました。社内で周囲に聞いてみると「見たことがない」という人が確かに多いようですが、実際のところどうなのでしょうか。（編集局コンテンツセンター・佐藤理史）

【写真】宮城で主に確認される３種類の「Ｇ」

　インターネットで「仙台　ゴキブリ」と検索すると、いくつかの駆除業者が表示される。このうち仙台市太白区の総合防虫管理「三和商事」に問い合わせると「普通にいますよ」。あっさりと答えが出た。

　１９６３年創業の同社は宮城、山形両県で飲食店や食品加工場からの依頼を受け、ゴキブリを含めた害虫を防除している。防除とは駆除、侵入防止、発生源対策などを組み合わせて害虫を制御することだ。

　同社研究室長の末永隆行さん（４１）によると、宮城県内で主に確認されるのはクロゴキブリ、ヤマトゴキブリ、チャバネゴキブリの３種。ワモンゴキブリ、キョウトゴキブリなども捕らえられたとの報告がある。

　このうちクロゴキブリは体長３～４センチ。黒褐色で光沢がある。一般にゴキブリと言われて思い浮かべる姿形だ。サンドウィッチマンの伊達みきおさんも「クロゴキブリは（仙台に）まだいませんよね」「東京なんかいっぱいいるからね」と念頭に置いて話していた。

　末永さんは「東北以南の暖かい地方に多く、県内で見かけることは少ないですが、いるにはいます」と申し訳なさそうに語る。

　東北で遭遇する機会が最も多いのはヤマトゴキブリらしい。日本の在来種で、クロゴキブリより一回り小さい。光沢が少なく、メスは羽が短いなどの違いはあるが、一般人がぱっと見分けるのは難しい。ともに本州以南でみられるが、北海道でも散見されるという。

　ヤマトゴキブリは屋内にすみ着くより、屋外から侵入するケースが多い。林や公園にいる時間が長く、活動が活発になる梅雨の時季は餌を、気温が下がる秋口には暖かさを求めて住宅などに入り込む。玄関や勝手口、窓サッシの１～２ミリの隙間を自由に行き来する。

　すみ着くのはチャバネゴキブリだ。体長は１・５センチほどと小ぶりで、世界中に分布する。アフリカ原産と考えられており、寒さに弱い。日本では野外で越冬できないため、年中、飲食店やビルなど暖房設備の整った屋内にいる。「近年、住宅の高気密・高断熱化が進んで冬場の室温が保たれ、ゴキブリにとっても快適になっている」という。

　厄介なのは繁殖力の強さ。１匹の雌は１回当たり３０～４０個、死ぬまでに５回ほど卵を生む。卵からふ化してわずか２カ月で成虫になる。世代交代が早いため、殺虫剤に耐性のある個体が次々に生まれている。

　段ボールで国境や県境をまたいで「配達」されることが多いという。保温性があり、水分を吸収しやすい段ボールはゴキブリが好む環境だ。玄関前に荷物を置く「置き配」が便利さから普及しているが「ゴキブリの隠れ場所になる可能性がある」。卵が付いていることがあるため、引っ越しなどで使った段ボールは早めに処分し、荷物を入れたまま保管するのは避けたい。

　ゴキブリが苦手とするのは乾燥。「食べ物がなくても数日間ほど生きるが、水がなくなるとあっという間に死んでしまう」。台所シンク回りにできるだけ水滴を残さず、水切りかごは小まめに掃除した方がいい。飲み終えた飲料缶などを流しに置きっ放しにするなど、もってのほかだ。

■大事なのは「居心地悪い環境」

　人間の生活が変われば、ゴキブリの生活も変わる。コロナ禍で休業を余儀なくされた飲食店では一時的にゴキブリがぱたりと見られなくなる現象があった。一方、リモートワークなどで家にいる時間が増えたためか、一般家庭から駆除の相談が増えたという。これも巣ごもり需要というのだろうか。

　「１匹見つけたら１００匹いる」のは本当か。末永さんは「チャバネゴキブリに当てはまるかもしれない。ふんとともに集合フェロモンを排出するため、数百匹、数千匹集まって生息していることがある」。クロゴキブリ、ヤマトゴキブリは比較的、単独で行動することが多いため、そうとも言い切れないという。

　東北の人はゴキブリを見慣れてない分、１匹見つけて大騒ぎすることがある。慌てて薬局で駆除剤を買い込むのもいいが、食べ物の置き場、台所の掃除、生ごみの処理を見直すことがより重要だという。

　末永さんは「ゴキブリの生態や習性を理解し、ゴキブリの居心地が悪い環境を整えること。一般家庭ならほとんどの場合、それで解決します」と断言する。これから暖かくなる季節。「ゴキブリが（ほとんど）いない街・仙台」を市民一丸となって推し進めたい。"
KANA-BOONに新メンバーが加入,https://news.yahoo.co.jp/pickup/6422602,"KANA-BOONに新メンバーとして遠藤昌巳（B）が加入する。

遠藤は2020年よりKANA-BOONのライブにてサポートべーシストとして約2年間活動。また3月30日にリリースされた最新アルバム「Honey & Darling」を含むリリース作品のレコーディングにも参加し、KANA-BOONの活動を支えてきた。KANA-BOONのメンバーとは、地元の大阪にて高校生だった頃から親交があるという。遠藤は加入に際して「彼らは昔からの大切な友人で、違うバンドに在籍していた僕にとって一つの目標でもありました。今後も変わらず友人として、そして仲間として、一緒に音楽を楽しみ、成長し、彼らと歩んでいきたいです。みなさんにライブやいろんな所で会うのを楽しみにしています。これから末長く、よろしくお願いします」とコメント。谷口鮪（Vo, G）は「マーシーは高校生の頃からの友人で、気心の知れた仲です。KANA-BOONを音楽だけでなく、その中身の人間性や個性も含めて捉えてくれています」と語っている。

この発表に合わせて、バンドの新たなアーティスト写真も公開された。

■ 遠藤昌巳（B）コメント
初めまして、マーシーこと遠藤昌巳と申します。
2020年からサポートメンバーとして参加させていただいてましたが、これからは正式メンバーとしてKANA-BOONを全力で盛り上げていきたいと思ってます。

彼らは昔からの大切な友人で、違うバンドに在籍していた僕にとって一つの目標でもありました。
今後も変わらず友人として、そして仲間として、一緒に音楽を楽しみ、成長し、彼らと歩んでいきたいです。

みなさんにライブやいろんな所で会うのを楽しみにしています。
これから末長く、よろしくお願いします。

■ 谷口鮪（Vo, G）コメント
2020年からライブとレコーディングでサポートしてきてくれた、マーシーこと遠藤昌巳を正式メンバーとしてバンドに迎え入れることになりました！

マーシーは高校生の頃からの友人で、気心の知れた仲です。
KANA-BOONを音楽だけでなく、その中身の人間性や個性も含めて捉えてくれています。

頼もしいベーシストであり、愛のある優しい仲間です。
これからじっくり、あなたにもマーシーを紹介していけたらと思いますが、まずはアルバム「Honey & Darling」を聴いてみてください。
彼の最高のベースプレイを感じてもらえますし、このバンドにとってかけがえのない存在なのだということも伝わるはずです。

新体制のKANA-BOON、やりたいことがいっぱいです！
どうぞこれからもよろしくお願いします！

■ 古賀隼斗（G）コメント
マーシーは昔からの友達です。
彼の真っ直ぐで真面目な性格はKANA-BOONにも合うと思いましたし、プライベートな話も気が合います。
何より、この4人で生み出す音楽が好きです。

これから一緒に色んなことを乗り越えて行きたいと思います、マーシーよろしく！
マーシーが新たに加わった新生KANA-BOONをよろしくお願いします!!

■ 小泉貴裕（Dr）コメント
2020年から僕達の音楽活動をサポートしてくれていた、Ba遠藤昌巳がこの度正式メンバーとして加入致します！
高校生の時から友達で気心知れた仲間です！
サポート期間もKANA-BOONの音を支えてくれて、僕自身もリズム隊として心強さを感じながら演奏してました！

これから4人で音楽を届けていきますので、応援してくれると嬉しいです。
よろしくお願いします！"
人道回廊 マリウポリに開設見通し,https://news.yahoo.co.jp/pickup/6422600,"　ロシアのウクライナ侵攻をめぐり、甚大な犠牲が出ている南東部マリウポリで4月1日に、住民をバスで避難させる「人道回廊」が開設される見通しとなった。赤十字国際委員会が3月31日、ルートや出発時間などでロシアを含めた全当事者が合意すれば、実施できると明らかにした。

【写真】疲れ果てた人、気丈な母親　国境の町で医師が見たウクライナ避難民

　タス通信によると、ロシア国防省幹部も31日、マリウポリからの人道回廊を4月1日に開く、と述べた。

　ウクライナのティモシェンコ大統領府副長官らによると、当初3月31日にバス45台で輸送が計画されていたが、近くのベルジャンスク付近でロシア軍に止められ、マリウポリに到着できなかった。自家用車での退避は一部実現し、マリウポリの631人を含む、約1500人が中南部ザポリージャに脱出できたという。"
首相 ガスのルーブル払い拒否方針,https://news.yahoo.co.jp/pickup/6422598,"　参院は1日の本会議で、ベルギーでの先進7カ国（G7）首脳会合に出席した岸田文雄首相から帰国報告を受け、質疑を行った。

【図解】サハリン沖の資源開発

　ロシアが天然ガス購入にルーブル払いを義務付けたことについて、首相はG7各国と協調して拒否する方針を明らかにした。また、ロシア極東の石油・天然ガス開発事業「サハリン1」について、「サハリン2」と同様に撤退しない方針を示した。立憲民主党の福山哲郎前幹事長への答弁。

　ロシアのプーチン大統領は、同国産天然ガスの支払いについて、購入側にロシア通貨ルーブルでの支払いを義務付け、従わなければガス供給契約を停止するとした法令に署名した。首相は「G7エネルギー大臣会合で採択された閣僚声明の方針に沿い、わが国もロシアからの要求を拒否する方針だ」と述べた。

　また、日本の官民出資会社サハリン石油ガス開発（東京）が3割の権益を保有するサハリン1について、首相は「エネルギー安全保障上、重要なプロジェクトだ」と強調。「G7でも持続可能な代替供給（手段）を確保するための時間を提供するということになっていることから、撤退しない」と語った。　"
ゆってぃ グラドルと結婚を発表,https://news.yahoo.co.jp/pickup/6422599,"　お笑い芸人のゆってぃ（45）とグラビアアイドルの石川あんな（31）が3月30日に結婚した。1日に所属事務所とそれぞれのSNSを通じて報告した。

【写真】引き締まった美ボディを披露する石川あんな

　事務所公式サイトでは「この度弊社所属芸人のゆってぃが、3/30にグラビアアイドルの石川あんなさんと入籍致しましたことをご報告致します」と伝え「これからも皆様の暖かい応援を宜しくお願い申し上げます」と記した。

　ツイッターを通じてゆってぃは「3月30日にグラビアアイドルの、石川あんなさんと入籍させて頂きました。日にちのせいで、嘘みたいになってますが、今後は夫婦共々よろしくお願いいたします！」と報告。石川も「お笑い芸人のゆってぃさんと結婚しました。今後は夫婦共々宜しくお願いいたします」と呼びかけている。"
今日から値上げ 消費者も店も嘆き,https://news.yahoo.co.jp/pickup/6422597,"　原油をはじめとし燃料や小麦や大豆といった原材料価格の国際的な高騰を受け、1日から、生活を取り巻くさまざまな物やサービスの価格が引き上げられる。「値上げしても利益は出ない」。消費者だけでなく事業者にとっても厳しい「値上げの春」となりそうだ。

　「小麦に油、梱包材。あらゆる原材料費がここ数年上がり続け、経営をもろに直撃している」。「上間弁当天ぷら店」などを運営する上間フードアンドライフの上間喜壽会長は、ため息をつく。この1年で天ぷらの衣に使う小麦の価格は1・6倍、油は1・8倍に膨れ上がった。昨年10月以降、看板商品の天ぷらは10円、オードブルや重箱は150～400円値上げしたものの、価格高騰分の補填（ほてん）には追い付かず、1日にも再び一部商品を値上げする。上間会長は「商品を値上げしても利益は出ない。異常な円安も追い打ちを掛け、状況の改善は見えないが何とか踏ん張るしかない」と述べた。

　沖縄県内の流通大手も値上げに踏み切る。イオン琉球は小麦粉やめん類、調味料などの製品を順次引き上げる。一方でプライベートブランドの食料品や日用品約5千品目は6月30日まで価格を据え置き、「県民の暮らしを応援」（同社）する。サンエーも一部商品の値上げを決定し、担当者は「極力お客さまにご迷惑が掛からないような対応をしたい」と話した。

　沖縄電力の4月の電気料金は、従量電灯の平均的なモデル（月間使用量260キロワット時）で65円値上がりし8823円となる。火力発電に使用する石炭と石油の輸入価格の上昇が原因で、輸入価格が高騰する前の2021年4月と比べると1872円値上がりした。5月には電気料金に上乗せする再生可能エネルギー賦課金の上昇を反映し、さらに24円引き上げられる。

　都市ガスを供給する沖縄ガスは、1立方メートル当たり1円58銭値上げする。原料の輸入価格の変動を「原料費調整」として料金に反映。調整額は昨年9月から上昇し続けている。

（当銘千絵まとめ）"
ルメール 週末の全騎乗キャンセル,https://news.yahoo.co.jp/pickup/6422596,クリストフ・ルメール騎手（４２）＝栗・フリー＝は、大阪杯のアリーヴォを含め、今週末の騎乗をすべてキャンセルした。アリーヴォには武豊騎手（５３）＝栗・フリー＝が騎乗する。杉山晴調教師は「操作性の高さというのがありますし、乗り替わりは心配していません」と話した。
ルメール 今週末の騎乗キャンセル,https://news.yahoo.co.jp/pickup/6422594,クリストフ・ルメール騎手（４２）＝栗・フリー＝は、大阪杯のアリーヴォを含め、今週末の騎乗をすべてキャンセルした。アリーヴォには武豊騎手（５３）＝栗・フリー＝が騎乗する。杉山晴調教師は「操作性の高さというのがありますし、乗り替わりは心配していません」と話した。
露軍 チョルノービリ原発から撤退,https://news.yahoo.co.jp/pickup/6422593,"【AFP＝時事】（更新）ウクライナ当局は3月31日、同国北部のチェルノブイリ（Chernobyl）原子力発電所を占拠していたロシア軍が、撤退を完了したと発表した。

【写真】ロシア軍に占拠された後のチェルノブイリ原発を捉えた衛星画像

　チェルノブイリ原発の立ち入り禁止区域を管理するウクライナ政府機関はフェイスブック（Facebook）に「チェルノブイリ原発の敷地内にはもはや部外者はいない」と投稿した。

　ウクライナの国営原子力企業エネルゴアトム（Energoatom）はこれに先立ち、ロシア軍が同原発とその周辺の立ち入り禁止区域から撤退を開始したと発表していた。

　エネルゴアトムはメッセージアプリのテレグラム（Telegram）に「けさ、侵略者たちはチェルノブイリ原発から撤退する意向を表明した」と投稿。ロシア軍は「2列縦隊でベラルーシとウクライナの国境に向けて行進」し、同原発に残っているのは「少数の」ロシア兵だけとした。

　また、原発作業員が居住する都市スラブチッチ（Slavutych）を包囲しているロシア兵が、ベラルーシに移動するために隊列を組んでいるという証拠もあるという。

　ロシアはウクライナへの侵攻を開始した2月24日、同原発を占拠していた。【翻訳編集】 AFPBB News"
瀬戸利樹 9年所属の研音を退所,https://news.yahoo.co.jp/pickup/6422595,"　俳優の瀬戸利樹（26）が1日、自身のインスタグラムを更新。所属事務所・研音を3月31日をもって退社したことを発表した。

【写真】「KENON」の文字とともに…笑顔で報告した瀬戸利樹

　瀬戸は「この度、2022年3月31日をもって、9年間お世話になりました研音を退所することとなりました」と報告。「高校を卒業したばっかりの僕はこの事務所で一から学び励まされ、沢山のチャンスと様々な経験の場を頂きました。これまで育ててくださったことに心から感謝しています」と伝えた。

　続けて「この大きな財産を活かして引き続き、俳優活動を邁進していきたいと思っています」と決意し「また、いつなん時も支え続けてくださったファンの皆さまへも厚く感謝しています。さらに飛躍した姿を皆さんにお見せできますよう精進を重ねていきます」と記した。

　最後は「関係者の皆様へは今後不便をおかけするかと思いますが、ご理解のほどよろしくお願い致します」とし「今後のお仕事のお知らせは引き続きTwitter、Instagramで報告をさせて頂き、新しいホームページなどは後日報告致しますのでお待ち頂けると幸いです」と呼びかけている。

　瀬戸は、千葉県出身。2014年にドラマ『弱くても勝てます ～青志先生とへっぽこ高校球児の野望～』で俳優デビュー。以降、テレビ朝日系特撮『仮面ライダーエグゼイド』や、映画『ストレイヤーズ・クロニクル』、映画『PとJK』など、ドラマ、映画、舞台に出演する。"
大坂なおみ 昨年2月以来の決勝へ,https://news.yahoo.co.jp/pickup/6422591,"現地3月31日、「マイアミ・オープン」(アメリカ・マイアミ／WTA1000)シングルス準決勝、大坂なおみ(フリー／世界ランク77位)は、東京オリンピック金メダリストで第22シードのベリンダ・ベンチッチ(スイス／同28位)と対戦。4-6、6-3、6-4の逆転で下し、昨年2月の全豪オープン以来の決勝進出を果たした。

【動画】陣営も拍手! 大坂なおみの強烈なダウン・ザ・ラインが炸裂＆マッチハイライト

同じ1997年生まれの大坂とベンチッチ。過去の対戦成績では大坂の1勝3敗で、2019年シーズンに3大会で対戦しており、3連敗を喫している。今回の対戦は、2019年USオープン以来、約3年1ヵ月ぶりとなった。

第1セット、第2ゲームで大坂は2本のブレークポイントを握るも、ベンチッチのサーブポイントでしのがれる。すると、直後のゲームでファーストサーブが入らず、ベンチッチがリターンから果敢に攻撃。大坂は先にブレークを許した。

さらに、ラリー戦で有利な展開を作れない大坂。第5ゲームでもサービスゲームを破られてしまう。大坂は、第6ゲームで一つブレークしたものの、追いつけず第1セットを4-6で今大会初めてセットを落とした。

第2セット、第1ゲームのピンチをしのいだ大坂。第2ゲームでベンチッチのダブルフォールトでブレークポイントを握ると、ストローク戦を制してブレークに成功する。第3ゲームではブレークバックを許したが、第6ゲームで再びブレーク。力のあるストロークを見せ、6-3でセットを奪い返した。

勝負の最終セット、互いにブレークポイントを握るもあと1本が奪えない状況が続く。2-2で迎えた第5ゲーム、丁寧なストロークでベンチッチを追い込んだ大坂。リターンから攻めて、ベンチッチのサービスゲームを破る。その後も力強いストロークで左右に揺さぶり、第7ゲームでもブレーク。第8ゲームをブレークされたがリードを守り切り、昨年2月の全豪オープン以来、約1年2ヵ月ぶりの決勝進出を果たした。

勝利した大坂は、決勝で第2シードのイガ・シフォンテク(ポーランド／同2位)と第16シードのジェシカ・ペグラ(アメリカ／同21位)の勝者と対戦する。"
大谷がOP戦初勝利 飛ばしていく,https://news.yahoo.co.jp/pickup/6422590,"■エンゼルス 10ー5 ブルワーズ（オープン戦・日本時間1日・フェニックス）

　エンゼルスの大谷翔平投手は3月31日（日本時間1日）、敵地・ブルワーズとのオープン戦に「1番・投手兼DH」で出場し、オープン戦キャリア初勝利を挙げた。投球では4回途中4奪三振3四球、2安打3失点（自責2）で降板した。最速99マイル（約159.3キロ）。打撃では3打数1安打1打点。5回に代打を送られ、打率.294、OPS1.125とした。チームは2桁得点で大勝した。

【写真】「誰も彼だと気づかない」大谷翔平、ラフな姿で束の間のオフ満喫

　開幕前最後の調整登板。2点を先取した初回。先頭・ウォンの右前打、ケインの四球などで2死一、三塁のピンチを招き、アダメスに左翼線への同点2点二塁打を許した。2、3回と2イニング連続で3者凡退。4回は1死一、二塁からレンフローに四球を与えたところで降板した。3回1/3で2安打3失点（自責2）。4奪三振3四球だった。防御率4.76となった。

　バットでは4回2死、左腕ラウアーのカーブに反応。右前に弾む安打となった。初回先頭は三ゴロに打ち取られ、2回1死三塁の二ゴロの間に勝ち越し。オープン戦での連続試合安打を「3」に伸ばした。

　この日、MLB機構は打順に入った先発投手が降板後も指名打者として出場を続けられる新ルールを今季から導入すると正式発表した。大谷は打席数が増えることが予想される。メジャー5年目で初めて開幕投手を務める4月7日（同8日）の本拠地・アストロズ戦では「1番・投手兼DH」での躍動が期待される。「アグレッシブに攻められると思うので。投手でも打者でも。より後を考えずにというか、そういうふうに対応できるかなと思うので。思い切って、最初から飛ばしていけたらなと思っています」と前を向いていた。"
ドバイ万博閉幕 バトンは大阪へ,https://news.yahoo.co.jp/pickup/6422589,"　アラブ首長国連邦（UAE）で開催されていたドバイ万博が3月31日（日本時間4月1日未明）、6カ月の期間を終えて閉幕した。新型コロナウイルスの影響による1年の延期を経て有観客で開催され、2200万人以上が来場。バトンは次の2025年大阪・関西万博へと引き継がれた。

【写真】BIEの旗を受け取る若宮健嗣・万博担当相（右から2番目）と吉村洋文・大阪府知事（一番右）=2022年3月31日午後7時29分、ドバイ、Expo　2020　Dubai提供

　この日夜に行われた閉幕式では、若宮健嗣・万博担当相と吉村洋文・大阪府知事が登壇。オーケストラの演奏とともにUAEから次期開催地の日本に博覧会国際事務局（BIE、本部パリ）の旗が引き継がれると、花火が上がり、会場は歓声に包まれた。

　ドバイ万博は昨年10月1日に開幕し、190以上の国・地域がパビリオンを出展した。2500万人が目標だった来場者数は、3月29日時点で累計約2294万人に上った。

　吉村知事は同日からドバイ万博を視察し、30日には松井一郎・大阪市長も合流した。2人で合わせて計16カ国のパビリオンを訪れ、大阪・関西万博への参加を呼びかけた。

　吉村知事は閉幕式後、記者団に対し、「大阪・関西万博に多くの国々が期待していると肌で感じた。責任を持ってすばらしい万博を実現したい」。松井市長は「25年に向けて最高のスタートができた。（大阪・関西万博の）閉会日に最高に感動できるように、あとは全力で走りきる」と意気込みを語った。（ドバイ=添田樹紀）"
大谷翔平 1番投手でOP戦初勝利,https://news.yahoo.co.jp/pickup/6422588,"■エンゼルス 10ー5 ブルワーズ（オープン戦・日本時間1日・フェニックス）

　エンゼルスの大谷翔平投手は3月31日（日本時間1日）、敵地・ブルワーズとのオープン戦に「1番・投手兼DH」で出場し、オープン戦キャリア初勝利を挙げた。投球では4回途中4奪三振3四球、2安打3失点（自責2）で降板した。最速99マイル（約159.3キロ）。打撃では3打数1安打1打点。5回に代打を送られ、打率.294、OPS1.125とした。チームは2桁得点で大勝した。

【写真】「誰も彼だと気づかない」大谷翔平、ラフな姿で束の間のオフ満喫

　開幕前最後の調整登板。2点を先取した初回。先頭・ウォンの右前打、ケインの四球などで2死一、三塁のピンチを招き、アダメスに左翼線への同点2点二塁打を許した。2、3回と2イニング連続で3者凡退。4回は1死一、二塁からレンフローに四球を与えたところで降板した。3回1/3で2安打3失点（自責2）。4奪三振3四球だった。防御率4.76となった。

　バットでは4回2死、左腕ラウアーのカーブに反応。右前に弾む安打となった。初回先頭は三ゴロに打ち取られ、2回1死三塁の二ゴロの間に勝ち越し。オープン戦での連続試合安打を「3」に伸ばした。

　この日、MLB機構は打順に入った先発投手が降板後も指名打者として出場を続けられる新ルールを今季から導入すると正式発表した。大谷は打席数が増えることが予想される。メジャー5年目で初めて開幕投手を務める4月7日（同8日）の本拠地・アストロズ戦では「1番・投手兼DH」での躍動が期待される。「アグレッシブに攻められると思うので。投手でも打者でも。より後を考えずにというか、そういうふうに対応できるかなと思うので。思い切って、最初から飛ばしていけたらなと思っています」と前を向いていた。"
元役員が丸井Gを提訴 特許巡り,https://news.yahoo.co.jp/pickup/6422587,"　丸井グループの元常務執行役員が、傘下のエポスカード社長在任時に生み出した発明の対価の一部支払いを求めて同社を東京地方裁判所に提訴したことが、ダイヤモンド編集部の取材で3月31日、分かった。元役員は発明が業績に大きな貢献を果たしたとして、受け取るべき対価は約90億円に上ると主張している。（ダイヤモンド編集部編集委員　名古屋和希）

●　エポスカードの発明対価求め提訴 原告はカード事業成功の「立役者」

　丸井グループ（G）の元常務執行役員が、傘下のエポスカード社長在任時に生み出した発明の対価の一部支払いを求めて同社を東京地裁に提訴したことが、ダイヤモンド編集部の取材で3月31日、分かった。

　クレジットカード業界で勝ち組とされるエポスカードで、元幹部が古巣にいわば“レッドカード”を突き付ける異例の展開となった。

　小売業のイメージが強い丸井Gの成長をけん引するのはエポスカードだ。丸井Gの2022年3月期の連結営業利益は365億円となる見込みだが、エポスカードを中心とするフィンテック事業はそれを上回る410億円に達する予定だ。

　訴えを起こしたのは、丸井Gの常務執行役員を21年に退任した瀧元俊和氏だ。瀧元氏は04年秋、マルイカード（現エポスカード）発足時、カード・クレジット企画部長に就任。12～16年にはエポスカードの社長を務めた。カード業界では、瀧元氏は最後発のエポスカードを勝ち組に押し上げた立役者として知られる。"
公的年金が4月分から減額 2年連続,https://news.yahoo.co.jp/pickup/6422586,"　公的年金は１日から支給額が改定され、６月に支払われる４、５両月分から０・４％減額される。受給開始年齢も変更され、選択の幅が現行の６０～７０歳から、６０～７５歳に広がる。

【図表】受給開始を７５歳まで繰り下げると８４％増額に"
